"","text","favorited","favoriteCount","replyToSN","created","truncated","replyToSID","id","replyToUID","statusSource","screenName","retweetCount","isRetweet","retweeted","longitude","latitude"
"1","RT @ValaAfshar: Some people would love to have your bad days. https://t.co/jS2gU0SaDy",FALSE,0,NA,2018-10-03 04:39:30,FALSE,NA,"1047345371968618496",NA,"<a href=""http://twitter.com/download/android"" rel=""nofollow"">Twitter for Android</a>","Percy_Peru",104,TRUE,FALSE,NA,NA
"2","RT @HarvardChanSPH: Patty Garcia, former minister of health of Peru, says the process of translating research into policy is gradual and re…",FALSE,0,NA,2018-10-03 02:30:42,FALSE,NA,"1047312958471249920",NA,"<a href=""http://twitter.com/download/android"" rel=""nofollow"">Twitter for Android</a>","VoicesHSPH",7,TRUE,FALSE,NA,NA
"3","RT @HarvardChanSPH: Patty Garcia, former minister of health of Peru, says the process of translating research into policy is gradual and re…",FALSE,0,NA,2018-10-03 02:07:28,FALSE,NA,"1047307113377091584",NA,"<a href=""http://twitter.com/download/android"" rel=""nofollow"">Twitter for Android</a>","HarvardMalaria",7,TRUE,FALSE,NA,NA
"4","@korshawilson Ugh, the worst. I haven’t dared do the Peru trip we always talk about because I dread it. (Hydrate like CRAZY.)",FALSE,0,"korshawilson",2018-10-03 02:01:59,FALSE,"1047299732421447682","1047305733136699393","37746104","<a href=""http://twitter.com/download/iphone"" rel=""nofollow"">Twitter for iPhone</a>","kateflaim",0,FALSE,FALSE,NA,NA
"5","RT @HarvardChanSPH: Patty Garcia, former minister of health of Peru, says the process of translating research into policy is gradual and re…",FALSE,0,NA,2018-10-03 00:46:00,FALSE,NA,"1047286610570539008",NA,"<a href=""http://twitter.com/download/android"" rel=""nofollow"">Twitter for Android</a>","nehmirabelle",7,TRUE,FALSE,NA,NA
"6","RT @HarvardChanSPH: Patty Garcia, former minister of health of Peru, says the process of translating research into policy is gradual and re…",FALSE,0,NA,2018-10-03 00:21:12,FALSE,NA,"1047280371820363782",NA,"<a href=""https://roundteam.co"" rel=""nofollow"">RoundTeam</a>","CareFrameOne",7,TRUE,FALSE,NA,NA
"7","RT @HarvardChanSPH: Patty Garcia, former minister of health of Peru, says the process of translating research into policy is gradual and re…",FALSE,0,NA,2018-10-03 00:19:26,FALSE,NA,"1047279924191608832",NA,"<a href=""http://twitter.com/download/android"" rel=""nofollow"">Twitter for Android</a>","yoooyyyyaaanng",7,TRUE,FALSE,NA,NA
"8","RT @HarvardChanSPH: Patty Garcia, former minister of health of Peru, says the process of translating research into policy is gradual and re…",FALSE,0,NA,2018-10-03 00:14:33,FALSE,NA,"1047278697470935040",NA,"<a href=""http://twitter.com/download/iphone"" rel=""nofollow"">Twitter for iPhone</a>","thebiotechclub",7,TRUE,FALSE,NA,NA
"9","RT @HarvardChanSPH: Patty Garcia, former minister of health of Peru, says the process of translating research into policy is gradual and re…",FALSE,0,NA,2018-10-03 00:10:16,FALSE,NA,"1047277617005711360",NA,"<a href=""https://twitter.com/pubhealth_watch"" rel=""nofollow"">publichealthaggregator</a>","monitor_PH",7,TRUE,FALSE,NA,NA
"10","Patty Garcia, former minister of health of Peru, says the process of translating research into policy is gradual an… https://t.co/PmiVG5ggvH",FALSE,12,NA,2018-10-03 00:10:05,TRUE,NA,"1047277573322035200",NA,"<a href=""https://www.hootsuite.com"" rel=""nofollow"">Hootsuite Inc.</a>","HarvardChanSPH",7,FALSE,FALSE,NA,NA
"11","RT @HarvardChanSLFP: Yesterday at @HarvardChanSPH, @Pattyjannet1, Senior Leadership Fellow &amp; former minister of health of #peru, presented…",FALSE,0,NA,2018-10-02 20:35:23,FALSE,NA,"1047223541794574338",NA,"<a href=""http://twitter.com/download/android"" rel=""nofollow"">Twitter for Android</a>","HarvardChanSPH",1,TRUE,FALSE,NA,NA
"12","Yesterday at @HarvardChanSPH, @Pattyjannet1, Senior Leadership Fellow &amp; former minister of health of #peru, present… https://t.co/6dQGg7tvxj",FALSE,15,NA,2018-10-02 20:12:08,TRUE,NA,"1047217690174218240",NA,"<a href=""http://twitter.com"" rel=""nofollow"">Twitter Web Client</a>","HarvardChanSLFP",1,FALSE,FALSE,NA,NA
"13","@Milenio No será que los deportaron de Chile,Colombia, Perú o Brasil",FALSE,0,"Milenio",2018-10-02 19:37:00,FALSE,"1047207860101214208","1047208847130185728","24969337","<a href=""http://twitter.com/download/iphone"" rel=""nofollow"">Twitter for iPhone</a>","sanpatricio1973",0,FALSE,FALSE,NA,NA
"14","Price Reduction!
Winter Is Coming... get dibs on the perfect ski condo. https://t.co/sLHJPNTaWu",FALSE,0,NA,2018-10-02 17:15:28,FALSE,NA,"1047173232779059200",NA,"<a href=""http://www.facebook.com/twitter"" rel=""nofollow"">Facebook</a>","KenLeva",0,FALSE,FALSE,NA,NA
"15","Discover intimate and unique Sonesta Posadas del Inca, urban and country inns that are embedded in the rich culture… https://t.co/Bbj9FzNd1B",FALSE,1,NA,2018-10-02 15:13:01,TRUE,NA,"1047142414962610176",NA,"<a href=""https://sproutsocial.com"" rel=""nofollow"">Sprout Social</a>","SonestaHotels",0,FALSE,FALSE,NA,NA
"16","RT @ValaAfshar: For the first time ever, doctors have cured a woman with advanced-stage terminal breast cancer 

#BreastCancerAwarenessMont…",FALSE,0,NA,2018-10-02 14:39:16,FALSE,NA,"1047133921190842368",NA,"<a href=""http://twitter.com"" rel=""nofollow"">Twitter Web Client</a>","Percy_Peru",116,TRUE,FALSE,NA,NA
"17","RT @SamanthaJPower: Argentina, Canada, Chile, Colombia, Paraguay, and Peru refer Venezuela to the ICC. Maduro will agree with President Tru…",FALSE,0,NA,2018-10-02 14:35:38,FALSE,NA,"1047133009357336576",NA,"<a href=""http://twitter.com"" rel=""nofollow"">Twitter Web Client</a>","mijomojo1",34,TRUE,FALSE,NA,NA
"18","RT @alvarobendrell: ¿Cuántas empresas en Perú se animan a reducir su huella de carbono usando luces LED? https://t.co/jMcvXpyP4B",FALSE,0,NA,2018-10-02 13:31:59,FALSE,NA,"1047116989305708544",NA,"<a href=""http://twitter.com/download/iphone"" rel=""nofollow"">Twitter for iPhone</a>","CafeTaipa",1,TRUE,FALSE,NA,NA
"19","@vanjerono Es que aún no visitaste Perú y tendrás más nostalgia todavía. Jeje",FALSE,1,"vanjerono",2018-10-02 13:20:40,FALSE,"1047109132074012673","1047114141071302656","360147131","<a href=""http://twitter.com/download/iphone"" rel=""nofollow"">Twitter for iPhone</a>","angelml10",0,FALSE,FALSE,NA,NA
"20","¿Cuántas empresas en Perú se animan a reducir su huella de carbono usando luces LED? https://t.co/jMcvXpyP4B",FALSE,3,NA,2018-10-02 12:49:31,FALSE,NA,"1047106303770939393",NA,"<a href=""http://twitter.com/download/iphone"" rel=""nofollow"">Twitter for iPhone</a>","alvarobendrell",1,FALSE,FALSE,NA,NA
"21","RT @b_gelaye: Inspiring presentation by @Pattyjannet1 , former Minister of Health for Peru, on the need to frame public health problems as…",FALSE,0,NA,2018-10-02 08:58:14,FALSE,NA,"1047048100047724549",NA,"<a href=""http://twitter.com/download/iphone"" rel=""nofollow"">Twitter for iPhone</a>","WhitehawkDr",6,TRUE,FALSE,NA,NA
"22","RT @b_gelaye: Inspiring presentation by @Pattyjannet1 , former Minister of Health for Peru, on the need to frame public health problems as…",FALSE,0,NA,2018-10-02 07:17:17,FALSE,NA,"1047022692753428480",NA,"<a href=""http://twitter.com/download/android"" rel=""nofollow"">Twitter for Android</a>","AgborEbuta",6,TRUE,FALSE,NA,NA
"23","RT @FutureUsmnt: The US roster drops tomorrow for the matches against Colombia and Peru. So naturally I decided to watch the entire US-Braz…",FALSE,0,NA,2018-10-02 05:58:58,FALSE,NA,"1047002984083836928",NA,"<a href=""http://twitter.com"" rel=""nofollow"">Twitter Web Client</a>","Roy_Rosell",25,TRUE,FALSE,NA,NA
"24","Interesante artículo de @jorgeheili de #RPP “La radio joven se parecerá al modelo Netflix” https://t.co/QfKfNC8jh6… https://t.co/uSfD4Fpr5T",FALSE,2,NA,2018-10-02 02:38:02,TRUE,NA,"1046952418234261505",NA,"<a href=""http://twitter.com/download/iphone"" rel=""nofollow"">Twitter for iPhone</a>","podcastandbiz",2,FALSE,FALSE,NA,NA
"25","RT @ValaAfshar: Impossible is not a fact. It's an opinion. Impossible is not a declaration. It's a dare. Impossible is potential. Impossibl…",FALSE,0,NA,2018-10-02 01:54:19,FALSE,NA,"1046941417829011458",NA,"<a href=""http://twitter.com/download/android"" rel=""nofollow"">Twitter for Android</a>","Percy_Peru",123,TRUE,FALSE,NA,NA
"26","RT @FutureUsmnt: The US roster drops tomorrow for the matches against Colombia and Peru. So naturally I decided to watch the entire US-Braz…",FALSE,0,NA,2018-10-01 22:45:11,FALSE,NA,"1046893817440419842",NA,"<a href=""http://twitter.com/download/iphone"" rel=""nofollow"">Twitter for iPhone</a>","_tanika19",25,TRUE,FALSE,NA,NA
"27","RT @FutureUsmnt: The US roster drops tomorrow for the matches against Colombia and Peru. So naturally I decided to watch the entire US-Braz…",FALSE,0,NA,2018-10-01 22:16:37,FALSE,NA,"1046886628294193153",NA,"<a href=""http://twitter.com/download/iphone"" rel=""nofollow"">Twitter for iPhone</a>","jonaldo28",25,TRUE,FALSE,NA,NA
"28","RT @FutureUsmnt: The US roster drops tomorrow for the matches against Colombia and Peru. So naturally I decided to watch the entire US-Braz…",FALSE,0,NA,2018-10-01 20:58:29,FALSE,NA,"1046866966131220480",NA,"<a href=""http://twitter.com/download/iphone"" rel=""nofollow"">Twitter for iPhone</a>","_GayosoCri1",25,TRUE,FALSE,NA,NA
"29","Issues of performance and attitude aside, what is Michael Bradley doing on this roster? He'll be 34 next World Cup,… https://t.co/lOHKrfx65p",FALSE,1,NA,2018-10-01 20:49:34,TRUE,NA,"1046864721247387653",NA,"<a href=""http://twitter.com"" rel=""nofollow"">Twitter Web Client</a>","thejimoleary",0,FALSE,FALSE,NA,NA
"30","<U+0001F4F7> Gatos callejeros, or stray cats, by Eduardo Yaguas (Lima, Peru).   https://t.co/bfJKyALPDr",FALSE,1,NA,2018-10-01 20:02:25,FALSE,NA,"1046852859667668993",NA,"<a href=""https://www.tumblr.com/"" rel=""nofollow"">Tumblr</a>","supertaxicab",0,FALSE,FALSE,NA,NA
"31","RT @laspauconnect: We are launching our premier Teaching and Learning Program in Puno, #Peru! It will be an exciting week to interact with…",FALSE,0,NA,2018-10-01 19:47:02,FALSE,NA,"1046848986034982912",NA,"<a href=""http://twitter.com/download/iphone"" rel=""nofollow"">Twitter for iPhone</a>","florenciopinela",1,TRUE,FALSE,NA,NA
"32","RT @b_gelaye: Inspiring presentation by @Pattyjannet1 , former Minister of Health for Peru, on the need to frame public health problems as…",FALSE,0,NA,2018-10-01 19:42:04,FALSE,NA,"1046847734488211456",NA,"<a href=""http://twitter.com"" rel=""nofollow"">Twitter Web Client</a>","keepark",6,TRUE,FALSE,NA,NA
"33","Escuchando el JMP de @smajerowicz sobre evidencia experimental en la efictividad de coaching para profesores en Per… https://t.co/beztpEjxkU",FALSE,2,NA,2018-10-01 19:18:17,TRUE,NA,"1046841753037344768",NA,"<a href=""http://twitter.com"" rel=""nofollow"">Twitter Web Client</a>","lapumi",0,FALSE,FALSE,NA,NA
"34","RT @b_gelaye: Inspiring presentation by @Pattyjannet1 , former Minister of Health for Peru, on the need to frame public health problems as…",FALSE,0,NA,2018-10-01 19:12:27,FALSE,NA,"1046840283525070848",NA,"<a href=""http://twitter.com/download/android"" rel=""nofollow"">Twitter for Android</a>","Adaeze_Oreh",6,TRUE,FALSE,NA,NA
"35","RT @FutureUsmnt: The US roster drops tomorrow for the matches against Colombia and Peru. So naturally I decided to watch the entire US-Braz…",FALSE,0,NA,2018-10-01 19:11:35,FALSE,NA,"1046840066323238913",NA,"<a href=""http://twitter.com/download/iphone"" rel=""nofollow"">Twitter for iPhone</a>","Kevin973_",25,TRUE,FALSE,NA,NA
"36","RT @b_gelaye: Inspiring presentation by @Pattyjannet1 , former Minister of Health for Peru, on the need to frame public health problems as…",FALSE,0,NA,2018-10-01 18:53:28,FALSE,NA,"1046835505718022146",NA,"<a href=""http://twitter.com"" rel=""nofollow"">Twitter Web Client</a>","VoicesHSPH",6,TRUE,FALSE,NA,NA
"37","RT @b_gelaye: Inspiring presentation by @Pattyjannet1 , former Minister of Health for Peru, on the need to frame public health problems as…",FALSE,0,NA,2018-10-01 18:47:03,FALSE,NA,"1046833890634211328",NA,"<a href=""http://twitter.com"" rel=""nofollow"">Twitter Web Client</a>","Pattyjannet1",6,TRUE,FALSE,NA,NA
"38","Patricia Garcia, former Minister of Health of Peru, talking about health as an investment and the importance Public… https://t.co/AonTWTnAnL",FALSE,0,NA,2018-10-01 18:46:08,TRUE,NA,"1046833662174658561",NA,"<a href=""http://twitter.com"" rel=""nofollow"">Twitter Web Client</a>","LG_Marian",0,FALSE,FALSE,NA,NA
"39","En este punto mis amigos
les dire la verdad,
en Peru la corrupcion
le esta ganando a la justicia,
nada se esta reso… https://t.co/KtgKeatHqu",FALSE,0,NA,2018-10-01 18:43:11,TRUE,NA,"1046832918340014080",NA,"<a href=""http://www.facebook.com/twitter"" rel=""nofollow"">Facebook</a>","bostonews",0,FALSE,FALSE,NA,NA
"40","We are launching our premier Teaching and Learning Program in Puno, #Peru! It will be an exciting week to interact… https://t.co/Msc4hFddwi",FALSE,1,NA,2018-10-01 18:37:06,TRUE,NA,"1046831385451941890",NA,"<a href=""http://twitter.com/download/iphone"" rel=""nofollow"">Twitter for iPhone</a>","laspauconnect",1,FALSE,FALSE,NA,NA
"41","Inspiring presentation by @Pattyjannet1 , former Minister of Health for Peru, on the need to frame public health pr… https://t.co/qWGt7oW7f8",FALSE,10,NA,2018-10-01 18:17:00,TRUE,NA,"1046826329964974080",NA,"<a href=""http://twitter.com"" rel=""nofollow"">Twitter Web Client</a>","b_gelaye",6,FALSE,FALSE,NA,NA
"42","RT @FutureUsmnt: The US roster drops tomorrow for the matches against Colombia and Peru. So naturally I decided to watch the entire US-Braz…",FALSE,0,NA,2018-10-01 18:07:50,FALSE,NA,"1046824022942658561",NA,"<a href=""http://twitter.com/download/iphone"" rel=""nofollow"">Twitter for iPhone</a>","DamariEast",25,TRUE,FALSE,NA,NA
"43","RT @FutureUsmnt: The US roster drops tomorrow for the matches against Colombia and Peru. So naturally I decided to watch the entire US-Braz…",FALSE,0,NA,2018-10-01 17:25:56,FALSE,NA,"1046813476323254273",NA,"<a href=""http://twitter.com/download/iphone"" rel=""nofollow"">Twitter for iPhone</a>","Beast_FTraining",25,TRUE,FALSE,NA,NA
"44","RT @FutureUsmnt: The US roster drops tomorrow for the matches against Colombia and Peru. So naturally I decided to watch the entire US-Braz…",FALSE,0,NA,2018-10-01 16:35:46,FALSE,NA,"1046800851958947846",NA,"<a href=""http://twitter.com/download/iphone"" rel=""nofollow"">Twitter for iPhone</a>","Jimmy_Tries",25,TRUE,FALSE,NA,NA
"45","RT @FutureUsmnt: The US roster drops tomorrow for the matches against Colombia and Peru. So naturally I decided to watch the entire US-Braz…",FALSE,0,NA,2018-10-01 15:35:29,FALSE,NA,"1046785681694109696",NA,"<a href=""http://twitter.com/download/iphone"" rel=""nofollow"">Twitter for iPhone</a>","Bullsfan107",25,TRUE,FALSE,NA,NA
"46","RT @OxfamAmerica: People in the central forest of Junin province struggle to get health care for serious diseases, and the barriers are par…",FALSE,0,NA,2018-10-01 13:52:45,FALSE,NA,"1046759827001790464",NA,"<a href=""http://twitter.com"" rel=""nofollow"">Twitter Web Client</a>","chufstader",7,TRUE,FALSE,NA,NA
"47","RT @_GlassStars_: Morehouse Comet breezed through the digitization pipeline this month. This image is from glass plate negative B39904, whi…",FALSE,0,NA,2018-10-01 13:13:13,FALSE,NA,"1046749878527897602",NA,"<a href=""http://twitter.com"" rel=""nofollow"">Twitter Web Client</a>","abelalcazar",3,TRUE,FALSE,NA,NA
"48","RT @FutureUsmnt: The US roster drops tomorrow for the matches against Colombia and Peru. So naturally I decided to watch the entire US-Braz…",FALSE,0,NA,2018-10-01 12:38:00,FALSE,NA,"1046741018144632832",NA,"<a href=""http://twitter.com/download/iphone"" rel=""nofollow"">Twitter for iPhone</a>","BrunoAKSG",25,TRUE,FALSE,NA,NA
"49","RT @FutureUsmnt: The US roster drops tomorrow for the matches against Colombia and Peru. So naturally I decided to watch the entire US-Braz…",FALSE,0,NA,2018-10-01 12:31:41,FALSE,NA,"1046739426926362625",NA,"<a href=""http://twitter.com/download/iphone"" rel=""nofollow"">Twitter for iPhone</a>","Lescano2020",25,TRUE,FALSE,NA,NA
"50","RT @FutureUsmnt: The US roster drops tomorrow for the matches against Colombia and Peru. So naturally I decided to watch the entire US-Braz…",FALSE,0,NA,2018-10-01 12:30:22,FALSE,NA,"1046739094334840833",NA,"<a href=""http://twitter.com/download/iphone"" rel=""nofollow"">Twitter for iPhone</a>","Bridger00",25,TRUE,FALSE,NA,NA
"51","RT @FutureUsmnt: The US roster drops tomorrow for the matches against Colombia and Peru. So naturally I decided to watch the entire US-Braz…",FALSE,0,NA,2018-10-01 12:21:57,FALSE,NA,"1046736976693661697",NA,"<a href=""http://twitter.com/#!/download/ipad"" rel=""nofollow"">Twitter for iPad</a>","USASoccer_Fan",25,TRUE,FALSE,NA,NA
"52","El 1 de octubre de 1790, Francisco Cabello y Mesa, quien utilizaba el pseudonimo de Jaime Bausate y Mesa, fundo el… https://t.co/0YIFLeWqon",FALSE,0,NA,2018-10-01 10:27:13,TRUE,NA,"1046708105042636802",NA,"<a href=""http://www.facebook.com/twitter"" rel=""nofollow"">Facebook</a>","bostonews",0,FALSE,FALSE,NA,NA
"53","RT @OxfamAmerica: People in the central forest of Junin province struggle to get health care for serious diseases, and the barriers are par…",FALSE,0,NA,2018-10-01 08:52:53,FALSE,NA,"1046684365021802496",NA,"<a href=""https://mobile.twitter.com"" rel=""nofollow"">Twitter Lite</a>","kristy_kill",7,TRUE,FALSE,NA,NA
"54","RT @FutureUsmnt: The US roster drops tomorrow for the matches against Colombia and Peru. So naturally I decided to watch the entire US-Braz…",FALSE,0,NA,2018-10-01 05:23:26,FALSE,NA,"1046631655845191680",NA,"<a href=""http://twitter.com/download/iphone"" rel=""nofollow"">Twitter for iPhone</a>","gsatterfield45",25,TRUE,FALSE,NA,NA
"55","RT @FutureUsmnt: The US roster drops tomorrow for the matches against Colombia and Peru. So naturally I decided to watch the entire US-Braz…",FALSE,0,NA,2018-10-01 05:09:51,FALSE,NA,"1046628237017849856",NA,"<a href=""http://twitter.com/download/iphone"" rel=""nofollow"">Twitter for iPhone</a>","ShalorC",25,TRUE,FALSE,NA,NA
"56","RT @FutureUsmnt: The US roster drops tomorrow for the matches against Colombia and Peru. So naturally I decided to watch the entire US-Braz…",FALSE,0,NA,2018-10-01 04:46:29,FALSE,NA,"1046622356678967296",NA,"<a href=""http://twitter.com/download/iphone"" rel=""nofollow"">Twitter for iPhone</a>","solander00",25,TRUE,FALSE,NA,NA
"57","RT @FutureUsmnt: The US roster drops tomorrow for the matches against Colombia and Peru. So naturally I decided to watch the entire US-Braz…",FALSE,0,NA,2018-10-01 04:26:54,FALSE,NA,"1046617428677906432",NA,"<a href=""http://twitter.com/download/android"" rel=""nofollow"">Twitter for Android</a>","NickGOALas",25,TRUE,FALSE,NA,NA
"58","RT @FutureUsmnt: The US roster drops tomorrow for the matches against Colombia and Peru. So naturally I decided to watch the entire US-Braz…",FALSE,0,NA,2018-10-01 03:36:33,FALSE,NA,"1046604756876050432",NA,"<a href=""http://twitter.com/download/iphone"" rel=""nofollow"">Twitter for iPhone</a>","SlayerStatus",25,TRUE,FALSE,NA,NA
"59","RT @FutureUsmnt: The US roster drops tomorrow for the matches against Colombia and Peru. So naturally I decided to watch the entire US-Braz…",FALSE,0,NA,2018-10-01 03:15:34,FALSE,NA,"1046599474296963072",NA,"<a href=""https://mobile.twitter.com"" rel=""nofollow"">Twitter Lite</a>","kenny_sloth",25,TRUE,FALSE,NA,NA
"60","RT @FutureUsmnt: The US roster drops tomorrow for the matches against Colombia and Peru. So naturally I decided to watch the entire US-Braz…",FALSE,0,NA,2018-10-01 03:03:05,FALSE,NA,"1046596333207998467",NA,"<a href=""http://twitter.com/download/iphone"" rel=""nofollow"">Twitter for iPhone</a>","duckieQB",25,TRUE,FALSE,NA,NA
"61","RT @FutureUsmnt: The US roster drops tomorrow for the matches against Colombia and Peru. So naturally I decided to watch the entire US-Braz…",FALSE,0,NA,2018-10-01 02:57:14,FALSE,NA,"1046594861137375232",NA,"<a href=""https://mobile.twitter.com"" rel=""nofollow"">Twitter Lite</a>","joelbmolitor",25,TRUE,FALSE,NA,NA
"62","RT @FutureUsmnt: The US roster drops tomorrow for the matches against Colombia and Peru. So naturally I decided to watch the entire US-Braz…",FALSE,0,NA,2018-10-01 02:06:18,FALSE,NA,"1046582043608379393",NA,"<a href=""http://twitter.com/download/iphone"" rel=""nofollow"">Twitter for iPhone</a>","JustSolo22",25,TRUE,FALSE,NA,NA
"63","The US roster drops tomorrow for the matches against Colombia and Peru. So naturally I decided to watch the entire… https://t.co/7uG8C2axA2",FALSE,134,NA,2018-10-01 01:57:19,TRUE,NA,"1046579782102732802",NA,"<a href=""http://twitter.com"" rel=""nofollow"">Twitter Web Client</a>","FutureUsmnt",25,FALSE,FALSE,NA,NA
"64","RT @ValaAfshar: Turkey is producing energy from gridlock. https://t.co/Ruklij7OUk https://t.co/A9cAUPr7Sj",FALSE,0,NA,2018-09-30 21:55:03,FALSE,NA,"1046518816212230149",NA,"<a href=""http://twitter.com/download/android"" rel=""nofollow"">Twitter for Android</a>","Percy_Peru",127,TRUE,FALSE,NA,NA
"65","RT @OxfamAmerica: People in the central forest of Junin province struggle to get health care for serious diseases, and the barriers are par…",FALSE,0,NA,2018-09-30 20:02:24,FALSE,NA,"1046490467058290689",NA,"<a href=""http://twitter.com"" rel=""nofollow"">Twitter Web Client</a>","LiLDELain",7,TRUE,FALSE,NA,NA
"66","RT @OxfamAmerica: People in the central forest of Junin province struggle to get health care for serious diseases, and the barriers are par…",FALSE,0,NA,2018-09-30 19:43:42,FALSE,NA,"1046485760587812866",NA,"<a href=""http://twitter.com/download/android"" rel=""nofollow"">Twitter for Android</a>","RobertEvilRegal",7,TRUE,FALSE,NA,NA
"67","@Rubiu5 Con fe..... Saludos desde Perù ..... una alegria que ayas vuelto.... Limonada...a como la limonada xD",FALSE,0,"Rubiu5",2018-09-30 19:39:17,FALSE,"1046131118385352704","1046484646433890304","398306220","<a href=""http://twitter.com"" rel=""nofollow"">Twitter Web Client</a>","Reyjho",0,FALSE,FALSE,NA,NA
"68","RT @OxfamAmerica: People in the central forest of Junin province struggle to get health care for serious diseases, and the barriers are par…",FALSE,0,NA,2018-09-30 19:33:20,FALSE,NA,"1046483149377687553",NA,"<a href=""http://twitter.com/download/android"" rel=""nofollow"">Twitter for Android</a>","GuttersnipeMojo",7,TRUE,FALSE,NA,NA
"69","RT @OxfamAmerica: People in the central forest of Junin province struggle to get health care for serious diseases, and the barriers are par…",FALSE,0,NA,2018-09-30 19:30:35,FALSE,NA,"1046482459754409984",NA,"<a href=""http://twitter.com"" rel=""nofollow"">Twitter Web Client</a>","GREUBELINUX",7,TRUE,FALSE,NA,NA
"70","People in the central forest of Junin province struggle to get health care for serious diseases, and the barriers a… https://t.co/qXr0zouN46",FALSE,10,NA,2018-09-30 19:30:19,TRUE,NA,"1046482392616194048",NA,"<a href=""https://www.hootsuite.com"" rel=""nofollow"">Hootsuite Inc.</a>","OxfamAmerica",7,FALSE,FALSE,NA,NA
"71","<U+2708><U+FE0F> LC Peru Dash 8 into Tingo Maria #gopro #avgeek
<U+0001F3A5> WATCH FULL VIDEO <U+0001F51B> https://t.co/CawaqtsRyq https://t.co/mwLiUm2rAU",FALSE,21,NA,2018-09-30 19:28:40,FALSE,NA,"1046481977648599042",NA,"<a href=""http://twitter.com"" rel=""nofollow"">Twitter Web Client</a>","justplanes",6,FALSE,FALSE,NA,NA
"72","RT @EKMontie: @Jolyn654 @TongueTekIsReal @K_Loves_Yoongi @eiandjin @leJindaryAk @outro_kimchi @daynj6 @harrysinfinitae @jeonsslutt @jiminno…",FALSE,0,NA,2018-09-30 17:55:21,FALSE,NA,"1046458494474485760",NA,"<a href=""http://twitter.com/download/iphone"" rel=""nofollow"">Twitter for iPhone</a>","sheis_marvelous",1,TRUE,FALSE,NA,NA
"73","@Jolyn654 @TongueTekIsReal @K_Loves_Yoongi @eiandjin @leJindaryAk @outro_kimchi @daynj6 @harrysinfinitae… https://t.co/1nI4KTVnGL",FALSE,9,"Jolyn654",2018-09-30 17:54:47,TRUE,"1046458077682311170","1046458350752292870","3260446910","<a href=""http://twitter.com/download/android"" rel=""nofollow"">Twitter for Android</a>","EKMontie",1,FALSE,FALSE,NA,NA
"74","RT @Roopak08: Inko 1 yr varaku Geeta Madhuri ane peru kani aa dharidhramaina gonthu kani TL lo kanipisthe block e.. Pedhha vaallu ala cuten…",FALSE,0,NA,2018-09-30 16:59:54,FALSE,NA,"1046444536862392320",NA,"<a href=""http://twitter.com/download/android"" rel=""nofollow"">Twitter for Android</a>","PSPK25_",6,TRUE,FALSE,NA,NA
"75","RT @Roopak08: Inko 1 yr varaku Geeta Madhuri ane peru kani aa dharidhramaina gonthu kani TL lo kanipisthe block e.. Pedhha vaallu ala cuten…",FALSE,0,NA,2018-09-30 16:26:54,FALSE,NA,"1046436233872793602",NA,"<a href=""http://twitter.com/download/android"" rel=""nofollow"">Twitter for Android</a>","balakrishnaull1",6,TRUE,FALSE,NA,NA
"76","RT @Roopak08: Inko 1 yr varaku Geeta Madhuri ane peru kani aa dharidhramaina gonthu kani TL lo kanipisthe block e.. Pedhha vaallu ala cuten…",FALSE,0,NA,2018-09-30 16:14:49,FALSE,NA,"1046433191903387649",NA,"<a href=""https://mobile.twitter.com"" rel=""nofollow"">Twitter Lite</a>","GhaatuShankar",6,TRUE,FALSE,NA,NA
"77","RT @Roopak08: Inko 1 yr varaku Geeta Madhuri ane peru kani aa dharidhramaina gonthu kani TL lo kanipisthe block e.. Pedhha vaallu ala cuten…",FALSE,0,NA,2018-09-30 16:10:32,FALSE,NA,"1046432115720695810",NA,"<a href=""http://twitter.com/download/android"" rel=""nofollow"">Twitter for Android</a>","peddapuli5",6,TRUE,FALSE,NA,NA
"78","RT @Roopak08: Inko 1 yr varaku Geeta Madhuri ane peru kani aa dharidhramaina gonthu kani TL lo kanipisthe block e.. Pedhha vaallu ala cuten…",FALSE,0,NA,2018-09-30 16:03:36,FALSE,NA,"1046430369959022592",NA,"<a href=""https://mobile.twitter.com"" rel=""nofollow"">Twitter Lite</a>","CommanM49388450",6,TRUE,FALSE,NA,NA
"79","Inko 1 yr varaku Geeta Madhuri ane peru kani aa dharidhramaina gonthu kani TL lo kanipisthe block e.. Pedhha vaallu… https://t.co/DOeIMyAdLA",FALSE,26,NA,2018-09-30 16:02:54,TRUE,NA,"1046430192682643456",NA,"<a href=""http://twitter.com/download/iphone"" rel=""nofollow"">Twitter for iPhone</a>","Roopak08",6,FALSE,FALSE,NA,NA
"80","RT @LuxeRecess: Luxury #Peru Travel With Kids: What to Do and Where to Stay #luxurytravel #familytravel @Belmond https://t.co/eHRKO3mOI4",FALSE,0,NA,2018-09-30 11:49:10,FALSE,NA,"1046366339374493696",NA,"<a href=""http://twitter.com/download/iphone"" rel=""nofollow"">Twitter for iPhone</a>","livcuriously",6,TRUE,FALSE,NA,NA
"81","RT @_GlassStars_: Morehouse Comet breezed through the digitization pipeline this month. This image is from glass plate negative B39904, whi…",FALSE,0,NA,2018-09-30 11:19:23,FALSE,NA,"1046358843578560513",NA,"<a href=""http://twitter.com/#!/download/ipad"" rel=""nofollow"">Twitter for iPad</a>","zeroanaakerne",3,TRUE,FALSE,NA,NA
"82","RT @RootCapital: “The technical team from the Pangoa cooperative has taught us how to prune correctly, how to control disease, how to ferti…",FALSE,0,NA,2018-09-30 05:08:38,FALSE,NA,"1046265543488098304",NA,"<a href=""http://twitter.com/download/iphone"" rel=""nofollow"">Twitter for iPhone</a>","PeggyClarkAspen",2,TRUE,FALSE,NA,NA
"83","RT @SamanthaJPower: Argentina, Canada, Chile, Colombia, Paraguay, and Peru refer Venezuela to the ICC. Maduro will agree with President Tru…",FALSE,0,NA,2018-09-30 02:46:16,FALSE,NA,"1046229712534740992",NA,"<a href=""http://twitter.com/#!/download/ipad"" rel=""nofollow"">Twitter for iPad</a>","Mariemot6",34,TRUE,FALSE,NA,NA
"84","THINGS TO DO IN CUSCO BESIDES MACHU PICCHU https://t.co/CT4vnCWRBn https://t.co/pDGbp0pwD6",FALSE,0,NA,2018-09-30 01:39:03,FALSE,NA,"1046212800480256000",NA,"<a href=""https://buffer.com"" rel=""nofollow"">Buffer</a>","frostxsun",0,FALSE,FALSE,NA,NA
"85","What you're about to see is incredibly touching and amazing. https://t.co/dkBUHlrEVk",FALSE,0,NA,2018-09-30 00:16:05,FALSE,NA,"1046191920526118912",NA,"<a href=""http://www.facebook.com/twitter"" rel=""nofollow"">Facebook</a>","ilovemydogfans",0,FALSE,FALSE,NA,NA
"86","RT @DarwinsLtd: Happy #NationalCoffeeDay! We’ll be moving to our new #SingleOrigin coffee from Burundi soon! If you’ve enjoyed our current…",FALSE,0,NA,2018-09-29 22:01:58,FALSE,NA,"1046158166025736193",NA,"<a href=""http://twitter.com/download/android"" rel=""nofollow"">Twitter for Android</a>","TCTradeJournal",1,TRUE,FALSE,NA,NA
"87","Una banda de delincuentes,
una organizacion criminal 
que tenia y tiene copado
el aparato de justicia
y el congreso… https://t.co/ZlcHjYGJCF",FALSE,0,NA,2018-09-29 21:30:30,TRUE,NA,"1046150250640142336",NA,"<a href=""http://www.facebook.com/twitter"" rel=""nofollow"">Facebook</a>","bostonews",0,FALSE,FALSE,NA,NA
"88",".@Laboratoriala experience. Una marca Perú que cada vez se hace más global. https://t.co/DmMsCQLPpE",FALSE,1,NA,2018-09-29 21:06:33,FALSE,NA,"1046144222762594304",NA,"<a href=""http://twitter.com/download/iphone"" rel=""nofollow"">Twitter for iPhone</a>","alvarobendrell",0,FALSE,FALSE,NA,NA
"89","Happy #NationalCoffeeDay! We’ll be moving to our new #SingleOrigin coffee from Burundi soon! If you’ve enjoyed our… https://t.co/vd3adx11p3",FALSE,5,NA,2018-09-29 20:14:05,TRUE,NA,"1046131016514109443",NA,"<a href=""http://twitter.com/download/iphone"" rel=""nofollow"">Twitter for iPhone</a>","DarwinsLtd",1,FALSE,FALSE,NA,NA
"90","RT @alvarobendrell: Big companies are buying more #RenewableEnergy not only for sustainability and reputation. They get long-term contracts…",FALSE,0,NA,2018-09-29 19:07:26,FALSE,NA,"1046114244645834752",NA,"<a href=""http://twitter.com/download/android"" rel=""nofollow"">Twitter for Android</a>","Energia_Peru",4,TRUE,FALSE,NA,NA
"91","RT @LuxeRecess: Luxury #Peru Travel With Kids: What to Do and Where to Stay #luxurytravel #familytravel @Belmond https://t.co/eHRKO3mOI4",FALSE,0,NA,2018-09-29 16:29:54,FALSE,NA,"1046074601145618432",NA,"<a href=""http://twitter.com"" rel=""nofollow"">Twitter Web Client</a>","DanielBrasilia",6,TRUE,FALSE,NA,NA
"92","RT @SamanthaJPower: Argentina, Canada, Chile, Colombia, Paraguay, and Peru refer Venezuela to the ICC. Maduro will agree with President Tru…",FALSE,0,NA,2018-09-29 13:31:14,FALSE,NA,"1046029636378005504",NA,"<a href=""http://twitter.com/download/iphone"" rel=""nofollow"">Twitter for iPhone</a>","MarielaBriceno",34,TRUE,FALSE,NA,NA
"93","RT @SamanthaJPower: Argentina, Canada, Chile, Colombia, Paraguay, and Peru refer Venezuela to the ICC. Maduro will agree with President Tru…",FALSE,0,NA,2018-09-29 04:44:47,FALSE,NA,"1045897153426550784",NA,"<a href=""http://twitter.com/download/iphone"" rel=""nofollow"">Twitter for iPhone</a>","KrysiaW",34,TRUE,FALSE,NA,NA
"94","Miss Coco Peru performed her heart out <U+2066>@birdlandjazz<U+2069> tonight. https://t.co/NI007lmEtC",FALSE,7,NA,2018-09-29 01:12:58,FALSE,NA,"1045843848444948480",NA,"<a href=""http://twitter.com/download/iphone"" rel=""nofollow"">Twitter for iPhone</a>","dnjoudrey",0,FALSE,FALSE,NA,NA
"95","@Pepe_Bacigalupo @Lauletras @DanielUrresti1 @Vero_Mendoza_F @JNE_Peru Si se lo tumban, ni modo amigo. Puedo tolerar a Reggiardo",FALSE,0,"Pepe_Bacigalupo",2018-09-29 01:12:49,FALSE,"1045816751588626433","1045843808615911425","30023913","<a href=""http://twitter.com/download/iphone"" rel=""nofollow"">Twitter for iPhone</a>","seca_rules",0,FALSE,FALSE,NA,NA
"96","RT @LuxeRecess: Luxury #Peru Travel With Kids: What to Do and Where to Stay #luxurytravel #familytravel @Belmond https://t.co/eHRKO3mOI4",FALSE,0,NA,2018-09-28 22:31:26,FALSE,NA,"1045803197032542213",NA,"<a href=""http://twitter.com/download/iphone"" rel=""nofollow"">Twitter for iPhone</a>","DanWantsToTravl",6,TRUE,FALSE,NA,NA
"97","RT @LuxeRecess: Luxury #Peru Travel With Kids: What to Do and Where to Stay #luxurytravel #familytravel @Belmond https://t.co/eHRKO3mOI4",FALSE,0,NA,2018-09-28 22:01:28,FALSE,NA,"1045795654033960961",NA,"<a href=""https://roundteam.co"" rel=""nofollow"">RoundTeam</a>","jetsetdaddy",6,TRUE,FALSE,NA,NA
"98","RT @LuxeRecess: Luxury #Peru Travel With Kids: What to Do and Where to Stay #luxurytravel #familytravel @Belmond https://t.co/eHRKO3mOI4",FALSE,0,NA,2018-09-28 21:07:33,FALSE,NA,"1045782087146647553",NA,"<a href=""https://roundteam.co"" rel=""nofollow"">RoundTeam</a>","kidsareatrip",6,TRUE,FALSE,NA,NA
"99","RT @LuxeRecess: Luxury #Peru Travel With Kids: What to Do and Where to Stay #luxurytravel #familytravel @Belmond https://t.co/eHRKO3mOI4",FALSE,0,NA,2018-09-28 21:05:20,FALSE,NA,"1045781525944401920",NA,"<a href=""http://twitter.com/download/iphone"" rel=""nofollow"">Twitter for iPhone</a>","RoadtripC",6,TRUE,FALSE,NA,NA
"100","Luxury #Peru Travel With Kids: What to Do and Where to Stay #luxurytravel #familytravel @Belmond https://t.co/eHRKO3mOI4",FALSE,15,NA,2018-09-28 21:04:01,FALSE,NA,"1045781195655729153",NA,"<a href=""http://www.ajaymatharu.com/"" rel=""nofollow"">Tweet Old Post</a>","LuxeRecess",6,FALSE,FALSE,NA,NA
"101","@NuevoPeruGP @MarisaGlave @IndiraHuilca @TaniaPariona @HoracioZeballo @oraciopacori @ManuelDammert @EdgarOchoaPezo… https://t.co/QezU5hq6ra",FALSE,0,"NuevoPeruGP",2018-09-28 19:13:13,TRUE,"1045422949812117505","1045753311952076806","1024431989947092992","<a href=""http://twitter.com"" rel=""nofollow"">Twitter Web Client</a>","ChavistaUn",0,FALSE,FALSE,NA,NA
"102","Innovation index 2018 
Perú need to work ..#TECHSUYO https://t.co/qZC1pUsIa8",FALSE,0,NA,2018-09-28 19:06:00,FALSE,NA,"1045751494497243136",NA,"<a href=""http://twitter.com/download/iphone"" rel=""nofollow"">Twitter for iPhone</a>","podcastandbiz",0,FALSE,FALSE,NA,NA
"103","Isabel Cadillo en @MIT #TECHSUYO Innovation in Perú <U+0001F1F5><U+0001F1EA> https://t.co/4Wns1qQ9am",FALSE,1,NA,2018-09-28 19:01:04,FALSE,NA,"1045750256611328000",NA,"<a href=""http://twitter.com/download/iphone"" rel=""nofollow"">Twitter for iPhone</a>","podcastandbiz",0,FALSE,FALSE,NA,NA
"104","RT @RootCapital: “The technical team from the Pangoa cooperative has taught us how to prune correctly, how to control disease, how to ferti…",FALSE,0,NA,2018-09-28 18:13:11,FALSE,NA,"1045738202643013632",NA,"<a href=""http://twitter.com/download/iphone"" rel=""nofollow"">Twitter for iPhone</a>","JRodriguezNic",2,TRUE,FALSE,NA,NA
"105","RT @SamanthaJPower: Argentina, Canada, Chile, Colombia, Paraguay, and Peru refer Venezuela to the ICC. Maduro will agree with President Tru…",FALSE,0,NA,2018-09-28 18:02:50,FALSE,NA,"1045735598353502208",NA,"<a href=""http://twitter.com"" rel=""nofollow"">Twitter Web Client</a>","the_edwin_mix",34,TRUE,FALSE,NA,NA
"106","“The technical team from the Pangoa cooperative has taught us how to prune correctly, how to control disease, how t… https://t.co/XMuqCrhSbs",FALSE,2,NA,2018-09-28 18:00:01,TRUE,NA,"1045734890136850432",NA,"<a href=""http://www.hubspot.com/"" rel=""nofollow"">HubSpot</a>","RootCapital",2,FALSE,FALSE,NA,NA
"107","RT @SamanthaJPower: Argentina, Canada, Chile, Colombia, Paraguay, and Peru refer Venezuela to the ICC. Maduro will agree with President Tru…",FALSE,0,NA,2018-09-28 17:10:11,FALSE,NA,"1045722351902420992",NA,"<a href=""http://twitter.com/download/android"" rel=""nofollow"">Twitter for Android</a>","jomodemo",34,TRUE,FALSE,NA,NA
"108","RT @SamanthaJPower: Argentina, Canada, Chile, Colombia, Paraguay, and Peru refer Venezuela to the ICC. Maduro will agree with President Tru…",FALSE,0,NA,2018-09-28 16:57:03,FALSE,NA,"1045719045570473986",NA,"<a href=""http://twitter.com/download/iphone"" rel=""nofollow"">Twitter for iPhone</a>","BrianVyy",34,TRUE,FALSE,NA,NA
"109","RT @SamanthaJPower: Argentina, Canada, Chile, Colombia, Paraguay, and Peru refer Venezuela to the ICC. Maduro will agree with President Tru…",FALSE,0,NA,2018-09-28 16:30:08,FALSE,NA,"1045712272390115328",NA,"<a href=""http://twitter.com/download/iphone"" rel=""nofollow"">Twitter for iPhone</a>","marlojen",34,TRUE,FALSE,NA,NA
"110","RT @SamanthaJPower: Argentina, Canada, Chile, Colombia, Paraguay, and Peru refer Venezuela to the ICC. Maduro will agree with President Tru…",FALSE,0,NA,2018-09-28 16:21:14,FALSE,NA,"1045710029582733312",NA,"<a href=""http://twitter.com/download/iphone"" rel=""nofollow"">Twitter for iPhone</a>","AntonioDeLoeraB",34,TRUE,FALSE,NA,NA
"111","El voto en el Peru no debería ser obligatorio. Así, el votante sería el tipo que realmente le preocupe el pais y no… https://t.co/bNRz00InaF",FALSE,0,NA,2018-09-28 16:14:27,TRUE,NA,"1045708324723994631",NA,"<a href=""http://twitter.com/download/iphone"" rel=""nofollow"">Twitter for iPhone</a>","marialemajo",0,FALSE,FALSE,NA,NA
"112","RT @SamanthaJPower: Argentina, Canada, Chile, Colombia, Paraguay, and Peru refer Venezuela to the ICC. Maduro will agree with President Tru…",FALSE,0,NA,2018-09-28 16:06:41,FALSE,NA,"1045706368718532615",NA,"<a href=""http://twitter.com/download/iphone"" rel=""nofollow"">Twitter for iPhone</a>","jabest",34,TRUE,FALSE,NA,NA
"113","RT @SamanthaJPower: Argentina, Canada, Chile, Colombia, Paraguay, and Peru refer Venezuela to the ICC. Maduro will agree with President Tru…",FALSE,0,NA,2018-09-28 16:06:12,FALSE,NA,"1045706248186814464",NA,"<a href=""http://twitter.com/download/iphone"" rel=""nofollow"">Twitter for iPhone</a>","lizzyleehunter",34,TRUE,FALSE,NA,NA
"114","#StaySonesta and explore #Peru! https://t.co/9lMgBpDGOe https://t.co/7wLi3j2OYz",FALSE,0,NA,2018-09-28 16:01:18,FALSE,NA,"1045705015002836993",NA,"<a href=""https://sproutsocial.com"" rel=""nofollow"">Sprout Social</a>","SonestaHotels",0,FALSE,FALSE,NA,NA
"115","RT @SamanthaJPower: Argentina, Canada, Chile, Colombia, Paraguay, and Peru refer Venezuela to the ICC. Maduro will agree with President Tru…",FALSE,0,NA,2018-09-28 15:59:52,FALSE,NA,"1045704654968025089",NA,"<a href=""http://twitter.com/download/android"" rel=""nofollow"">Twitter for Android</a>","sammiejexie",34,TRUE,FALSE,NA,NA
"116","I'm starting to think destination dining is the next big thing. https://t.co/gIEBDlS2qZ",FALSE,0,NA,2018-09-28 15:59:10,FALSE,NA,"1045704476244488194",NA,"<a href=""http://twitter.com"" rel=""nofollow"">Twitter Web Client</a>","csferguson",0,FALSE,FALSE,NA,NA
"117","RT @SamanthaJPower: Argentina, Canada, Chile, Colombia, Paraguay, and Peru refer Venezuela to the ICC. Maduro will agree with President Tru…",FALSE,0,NA,2018-09-28 15:58:01,FALSE,NA,"1045704189064540161",NA,"<a href=""http://twitter.com/download/android"" rel=""nofollow"">Twitter for Android</a>","IllathHassan",34,TRUE,FALSE,NA,NA
"118","RT @SamanthaJPower: Argentina, Canada, Chile, Colombia, Paraguay, and Peru refer Venezuela to the ICC. Maduro will agree with President Tru…",FALSE,0,NA,2018-09-28 15:57:40,FALSE,NA,"1045704101374414853",NA,"<a href=""http://twitter.com/download/iphone"" rel=""nofollow"">Twitter for iPhone</a>","matthewconradt",34,TRUE,FALSE,NA,NA
"119","RT @SamanthaJPower: Argentina, Canada, Chile, Colombia, Paraguay, and Peru refer Venezuela to the ICC. Maduro will agree with President Tru…",FALSE,0,NA,2018-09-28 15:54:25,FALSE,NA,"1045703280733671426",NA,"<a href=""http://twitter.com/download/iphone"" rel=""nofollow"">Twitter for iPhone</a>","ahmedshaheed",34,TRUE,FALSE,NA,NA
"120","RT @SamanthaJPower: Argentina, Canada, Chile, Colombia, Paraguay, and Peru refer Venezuela to the ICC. Maduro will agree with President Tru…",FALSE,0,NA,2018-09-28 15:53:38,FALSE,NA,"1045703086818226176",NA,"<a href=""http://twitter.com"" rel=""nofollow"">Twitter Web Client</a>","designchickee",34,TRUE,FALSE,NA,NA
"121","RT @SamanthaJPower: Argentina, Canada, Chile, Colombia, Paraguay, and Peru refer Venezuela to the ICC. Maduro will agree with President Tru…",FALSE,0,NA,2018-09-28 15:53:28,FALSE,NA,"1045703043990183936",NA,"<a href=""http://twitter.com/#!/download/ipad"" rel=""nofollow"">Twitter for iPad</a>","CarolMaeWY",34,TRUE,FALSE,NA,NA
"122","RT @SamanthaJPower: Argentina, Canada, Chile, Colombia, Paraguay, and Peru refer Venezuela to the ICC. Maduro will agree with President Tru…",FALSE,0,NA,2018-09-28 15:52:50,FALSE,NA,"1045702884787191808",NA,"<a href=""http://twitter.com/#!/download/ipad"" rel=""nofollow"">Twitter for iPad</a>","AKimCampbell",34,TRUE,FALSE,NA,NA
"123","RT @SamanthaJPower: Argentina, Canada, Chile, Colombia, Paraguay, and Peru refer Venezuela to the ICC. Maduro will agree with President Tru…",FALSE,0,NA,2018-09-28 15:48:15,FALSE,NA,"1045701731630415872",NA,"<a href=""http://twitter.com/download/iphone"" rel=""nofollow"">Twitter for iPhone</a>","Arrynk",34,TRUE,FALSE,NA,NA
"124","RT @SamanthaJPower: Argentina, Canada, Chile, Colombia, Paraguay, and Peru refer Venezuela to the ICC. Maduro will agree with President Tru…",FALSE,0,NA,2018-09-28 15:45:53,FALSE,NA,"1045701134206283780",NA,"<a href=""http://twitter.com"" rel=""nofollow"">Twitter Web Client</a>","johnerikhancock",34,TRUE,FALSE,NA,NA
"125","RT @SamanthaJPower: Argentina, Canada, Chile, Colombia, Paraguay, and Peru refer Venezuela to the ICC. Maduro will agree with President Tru…",FALSE,0,NA,2018-09-28 15:44:48,FALSE,NA,"1045700862931349505",NA,"<a href=""http://twitter.com/download/android"" rel=""nofollow"">Twitter for Android</a>","Link73",34,TRUE,FALSE,NA,NA
"126","RT @SamanthaJPower: Argentina, Canada, Chile, Colombia, Paraguay, and Peru refer Venezuela to the ICC. Maduro will agree with President Tru…",FALSE,0,NA,2018-09-28 15:44:23,FALSE,NA,"1045700755938791424",NA,"<a href=""http://twitter.com"" rel=""nofollow"">Twitter Web Client</a>","PeggyMcGuinness",34,TRUE,FALSE,NA,NA
"127","RT @SamanthaJPower: Argentina, Canada, Chile, Colombia, Paraguay, and Peru refer Venezuela to the ICC. Maduro will agree with President Tru…",FALSE,0,NA,2018-09-28 15:43:13,FALSE,NA,"1045700465705590784",NA,"<a href=""http://twitter.com/download/android"" rel=""nofollow"">Twitter for Android</a>","MaureenAnnOBri2",34,TRUE,FALSE,NA,NA
"128","RT @SamanthaJPower: Argentina, Canada, Chile, Colombia, Paraguay, and Peru refer Venezuela to the ICC. Maduro will agree with President Tru…",FALSE,0,NA,2018-09-28 15:42:30,FALSE,NA,"1045700284188696576",NA,"<a href=""http://twitter.com"" rel=""nofollow"">Twitter Web Client</a>","RottaVictoria",34,TRUE,FALSE,NA,NA
"129","RT @SamanthaJPower: Argentina, Canada, Chile, Colombia, Paraguay, and Peru refer Venezuela to the ICC. Maduro will agree with President Tru…",FALSE,0,NA,2018-09-28 15:42:15,FALSE,NA,"1045700219931951104",NA,"<a href=""https://mobile.twitter.com"" rel=""nofollow"">Twitter Lite</a>","JayBee79057343",34,TRUE,FALSE,NA,NA
"130","RT @SamanthaJPower: Argentina, Canada, Chile, Colombia, Paraguay, and Peru refer Venezuela to the ICC. Maduro will agree with President Tru…",FALSE,0,NA,2018-09-28 15:42:08,FALSE,NA,"1045700191242858496",NA,"<a href=""http://twitter.com/download/android"" rel=""nofollow"">Twitter for Android</a>","akaashkolluri",34,TRUE,FALSE,NA,NA
"131","RT @SamanthaJPower: Argentina, Canada, Chile, Colombia, Paraguay, and Peru refer Venezuela to the ICC. Maduro will agree with President Tru…",FALSE,0,NA,2018-09-28 15:41:24,FALSE,NA,"1045700008622911488",NA,"<a href=""http://twitter.com"" rel=""nofollow"">Twitter Web Client</a>","palau93",34,TRUE,FALSE,NA,NA
"132","Argentina, Canada, Chile, Colombia, Paraguay, and Peru refer Venezuela to the ICC. Maduro will agree with President… https://t.co/vcHMxRVbrJ",FALSE,88,NA,2018-09-28 15:40:00,TRUE,NA,"1045699655768657925",NA,"<a href=""http://twitter.com"" rel=""nofollow"">Twitter Web Client</a>","SamanthaJPower",34,FALSE,FALSE,NA,NA
"133","RT @_GlassStars_: Morehouse Comet breezed through the digitization pipeline this month. This image is from glass plate negative B39904, whi…",FALSE,0,NA,2018-09-28 14:42:57,FALSE,NA,"1045685298733158400",NA,"<a href=""http://twitter.com"" rel=""nofollow"">Twitter Web Client</a>","tracy_karin",3,TRUE,FALSE,NA,NA
"134","Morehouse Comet breezed through the digitization pipeline this month. This image is from glass plate negative B3990… https://t.co/x0tOwxNtY4",FALSE,15,NA,2018-09-28 14:14:00,TRUE,NA,"1045678011809505280",NA,"<a href=""https://about.twitter.com/products/tweetdeck"" rel=""nofollow"">TweetDeck</a>","_GlassStars_",3,FALSE,FALSE,NA,NA
"135","Would you like to explore the lost city of the Incas? #StaySonesta in #Peru
https://t.co/SfHGPGhUhN https://t.co/WXt7OP4S4h",FALSE,0,NA,2018-09-28 14:12:02,FALSE,NA,"1045677516302819329",NA,"<a href=""https://sproutsocial.com"" rel=""nofollow"">Sprout Social</a>","SonestaHotels",0,FALSE,FALSE,NA,NA
"136","RT @Jchenriquezpaz: Esto se logró con la remisión de la situación de Venezuela por parte de 6 países: Argentina, Chile, Colombia, Canadá, P…",FALSE,0,NA,2018-09-27 23:09:38,FALSE,NA,"1045450419877683201",NA,"<a href=""http://twitter.com/download/android"" rel=""nofollow"">Twitter for Android</a>","MuniraMunoz",2,TRUE,FALSE,NA,NA
"137","@AlisonRiseLJ @LiveJasmin @hgygffbfj @LegZZ69 @AllKindsOfWomen @Wetgirlslive @NudezExposed @getmenaked @Jaknez… https://t.co/GpUf0UFjtT",FALSE,1,"AlisonRiseLJ",2018-09-27 22:35:20,TRUE,"1045437753373208577","1045441789367394304","896839185780408320","<a href=""http://twitter.com"" rel=""nofollow"">Twitter Web Client</a>","wexman8",0,FALSE,FALSE,NA,NA
"138","RT @Jchenriquezpaz: Esto se logró con la remisión de la situación de Venezuela por parte de 6 países: Argentina, Chile, Colombia, Canadá, P…",FALSE,0,NA,2018-09-27 21:59:34,FALSE,NA,"1045432789133393924",NA,"<a href=""http://twitter.com"" rel=""nofollow"">Twitter Web Client</a>","vetehugo",2,TRUE,FALSE,NA,NA
"139","Esto se logró con la remisión de la situación de Venezuela por parte de 6 países: Argentina, Chile, Colombia, Canad… https://t.co/yTYbJiOSyI",FALSE,3,"Jchenriquezpaz",2018-09-27 21:51:33,TRUE,"1045430672138153987","1045430769957720066","2350025909","<a href=""http://twitter.com/download/iphone"" rel=""nofollow"">Twitter for iPhone</a>","Jchenriquezpaz",2,FALSE,FALSE,NA,NA
"140","RT @maximumbeth: A10 I loved Peru. I felt truly cared for there and people were always looking out for me. #PeacePostcard",FALSE,0,NA,2018-09-27 17:52:42,FALSE,NA,"1045370661605117954",NA,"<a href=""http://twitter.com"" rel=""nofollow"">Twitter Web Client</a>","sheswanderful",2,TRUE,FALSE,NA,NA
"141","RT @maximumbeth: A10 I loved Peru. I felt truly cared for there and people were always looking out for me. #PeacePostcard",FALSE,0,NA,2018-09-27 17:52:40,FALSE,NA,"1045370653895995393",NA,"<a href=""https://about.twitter.com/products/tweetdeck"" rel=""nofollow"">TweetDeck</a>","marissa_sutera",2,TRUE,FALSE,NA,NA
"142","A10 I loved Peru. I felt truly cared for there and people were always looking out for me. #PeacePostcard",FALSE,4,NA,2018-09-27 17:52:00,FALSE,NA,"1045370485356331010",NA,"<a href=""https://about.twitter.com/products/tweetdeck"" rel=""nofollow"">TweetDeck</a>","maximumbeth",2,FALSE,FALSE,NA,NA
"143","@Pink Last one, #ForNow. My son again in Peru; my husband in NYC; my sister in Upstate NY; Boston concert in April.… https://t.co/cvz3dDZSKJ",FALSE,0,"Pink",2018-09-27 13:39:00,TRUE,NA,"1045306817541263361","28706024","<a href=""https://mobile.twitter.com"" rel=""nofollow"">Twitter Lite</a>","3OnTheTerrace",0,FALSE,FALSE,NA,NA
"144","@Pink Here is my son in Peru earlier this year. I was inspired by your song #IAmHere https://t.co/mMIG6DGi3p",FALSE,0,"Pink",2018-09-27 13:26:31,FALSE,NA,"1045303676183678977","28706024","<a href=""https://mobile.twitter.com"" rel=""nofollow"">Twitter Lite</a>","3OnTheTerrace",0,FALSE,FALSE,NA,NA
"145","Por primera vez seis naciones soberanas -conjuntamente- denuncian ante la Corte Penal Internacional a un individuo… https://t.co/fOLqrZ07QC",FALSE,0,NA,2018-09-27 13:26:28,TRUE,NA,"1045303661654691840",NA,"<a href=""http://twitter.com"" rel=""nofollow"">Twitter Web Client</a>","santaellacarlos",0,FALSE,FALSE,NA,NA
"146","I liked a @YouTube video https://t.co/7ZGRM4EX4d VISITANDO UNA ISLA DE CACA DE AVES EN PERU",FALSE,0,NA,2018-09-27 12:34:39,FALSE,NA,"1045290623874605056",NA,"<a href=""https://www.google.com/"" rel=""nofollow"">Google</a>","WilsonVegaUlloa",0,FALSE,FALSE,NA,NA
"147","RT @W2Oorg: Thank you @MCAF_NEAQ @CenterOceanLife @NEAQ for bringing us this wonderful evening with Kerstin Forsberg @PlanetaOceano to hear…",FALSE,0,NA,2018-09-27 12:01:36,FALSE,NA,"1045282304850055176",NA,"<a href=""http://twitter.com/download/iphone"" rel=""nofollow"">Twitter for iPhone</a>","thepowerofmeow",2,TRUE,FALSE,NA,NA
"148","RT @W2Oorg: Thank you @MCAF_NEAQ @CenterOceanLife @NEAQ for bringing us this wonderful evening with Kerstin Forsberg @PlanetaOceano to hear…",FALSE,0,NA,2018-09-27 07:00:31,FALSE,NA,"1045206535885017088",NA,"<a href=""http://twitter.com"" rel=""nofollow"">Twitter Web Client</a>","MCAF_NEAQ",2,TRUE,FALSE,NA,NA
"149","@Albertosoto Ya tengo a mi candidato, pero no estoy en Perú <U+0001F1F5><U+0001F1EA> :/ Espero que la gente lea algo y pueda decidir bien.",FALSE,0,"Albertosoto",2018-09-27 04:26:32,FALSE,"1045167555789418496","1045167785456947201","35134985","<a href=""http://twitter.com/download/iphone"" rel=""nofollow"">Twitter for iPhone</a>","angelml10",0,FALSE,FALSE,NA,NA
"150","@somala_dinesh @iamnagarjuna @aakanksha_s30 Tag cheyalsina papa peru tag chesaka .. bodi M lo nag leru tag chesthe… https://t.co/iU06n6hrpf",FALSE,1,"somala_dinesh",2018-09-27 02:06:56,TRUE,"1045120781909454848","1045132652364402693","1939663075","<a href=""http://twitter.com/download/iphone"" rel=""nofollow"">Twitter for iPhone</a>","nikil_verma",0,FALSE,FALSE,NA,NA
"151","Passionate Peruvian fans flood World Cup’s smallest city: On Saturday, as Peru takes on Denmark in its World Cup op… https://t.co/9gv5TTGYr8",FALSE,0,NA,2018-09-27 01:18:04,TRUE,NA,"1045120354383872000",NA,"<a href=""https://dlvrit.com/"" rel=""nofollow"">dlvr.it</a>","Woburn_MA",0,FALSE,FALSE,NA,NA
"152","Thank you @MCAF_NEAQ @CenterOceanLife @NEAQ for bringing us this wonderful evening with Kerstin Forsberg… https://t.co/VyxgouL1ty",FALSE,2,NA,2018-09-26 23:36:55,TRUE,NA,"1045094897647259648",NA,"<a href=""http://twitter.com/download/iphone"" rel=""nofollow"">Twitter for iPhone</a>","W2Oorg",2,FALSE,FALSE,NA,NA
"153","Discover intimate and unique Sonesta Posadas del Inca, urban and country inns that are embedded in the rich culture… https://t.co/lsHeLBlsje",FALSE,0,NA,2018-09-26 23:30:01,TRUE,NA,"1045093163642368003",NA,"<a href=""https://sproutsocial.com"" rel=""nofollow"">Sprout Social</a>","SonestaHotels",0,FALSE,FALSE,NA,NA
"154","Aprueba Dios Todas Las Religiones? (Audio Discurso de 29 Minutos, 48 segundos) 
https://t.co/ErUQtHL2Pi

#Bible… https://t.co/v0B55ybsBI",FALSE,0,NA,2018-09-26 19:14:37,TRUE,NA,"1045028890329174022",NA,"<a href=""http://twitter.com/#!/download/ipad"" rel=""nofollow"">Twitter for iPad</a>","BostonRoca",0,FALSE,FALSE,NA,NA
"155","RT @mfaboston: Who doesn’t want a tunic embellished with lobsters? Perfect for #NationalLobsterDay! (<U+0001F3A8>: Female effigy bottle, Nasca, 550–65…",FALSE,0,NA,2018-09-26 18:49:51,FALSE,NA,"1045022655148150785",NA,"<a href=""http://twitter.com/download/iphone"" rel=""nofollow"">Twitter for iPhone</a>","dcd728",5,TRUE,FALSE,NA,NA
"156","RT @HarvardChanSLFP: .@harvardchansph Senior Leadership Fellow, @Pattyjannet1, talks #mentorship on @voiceshsph. For the full interview, vi…",FALSE,0,NA,2018-09-26 18:44:48,FALSE,NA,"1045021385452589060",NA,"<a href=""http://twitter.com"" rel=""nofollow"">Twitter Web Client</a>","Pattyjannet1",2,TRUE,FALSE,NA,NA
"157","Increíble que aún exista en Peru eso de llamar “pitucos” al que vive en Miraflores y San Isidro, mi hijo y mi madre… https://t.co/Zj1Ej28efW",FALSE,1,NA,2018-09-26 18:42:00,TRUE,NA,"1045020681128173569",NA,"<a href=""http://twitter.com/download/iphone"" rel=""nofollow"">Twitter for iPhone</a>","GiraldoJC",0,FALSE,FALSE,NA,NA
"158","The world is being #blessed with some new SUPER CUTE mappers: Peruvian river dolphins :)

Loreto: delfines de río s… https://t.co/AkkfdFsD10",FALSE,0,NA,2018-09-26 17:24:12,TRUE,NA,"1045001101697851392",NA,"<a href=""http://twitter.com"" rel=""nofollow"">Twitter Web Client</a>","DWaltersdorfer",0,FALSE,FALSE,NA,NA
"159","RT @hwatkins927: ""Mummy of #paraplegic child shows how Peru’s Nasca culture treated #disability"" https://t.co/V5pTcurPJy",FALSE,0,NA,2018-09-26 15:23:43,FALSE,NA,"1044970780772249601",NA,"<a href=""http://twitter.com/download/iphone"" rel=""nofollow"">Twitter for iPhone</a>","ilyasaurus",8,TRUE,FALSE,NA,NA
"160","RT @BochCenter: @CHAYANNEMUSIC takes over the Wang Theatre stage THIS THURSDAY! Do you have your tickets? https://t.co/hpq1WSTNox #chayanne…",FALSE,0,NA,2018-09-26 14:37:04,FALSE,NA,"1044959040831393796",NA,"<a href=""http://twitter.com/download/iphone"" rel=""nofollow"">Twitter for iPhone</a>","Chayanne_Peru",117,TRUE,FALSE,NA,NA
"161","Check out SCARCE PERU REAL 1773 LIMAE JM LOW GRADE SILVER COIN KM#75  https://t.co/EfaGZ964qm via @eBay",FALSE,0,NA,2018-09-26 14:06:04,FALSE,NA,"1044951241028227073",NA,"<a href=""http://twitter.com"" rel=""nofollow"">Twitter Web Client</a>","zixaforevayoung",0,FALSE,FALSE,NA,NA
"162","#VideoDelDia No Lo Hagas - Vladimir Rap Serio
• 
• 
@vladimirapserio 
• 
• 
#elreinodedios #EstadosUnidos #Mexico… https://t.co/fKInKOrXF4",FALSE,0,NA,2018-09-26 14:00:07,TRUE,NA,"1044949743036764167",NA,"<a href=""http://www.facebook.com/twitter"" rel=""nofollow"">Facebook</a>","Jhofely",1,FALSE,FALSE,NA,NA
"163","Top B2B Companies in Chile, Peru, Ecuador, Paraguay, Venezuela Announced for 2018 #B2B https://t.co/nhr4oCFHuZ",FALSE,0,NA,2018-09-26 13:16:37,FALSE,NA,"1044938795169325056",NA,"<a href=""https://www.socialoomph.com"" rel=""nofollow"">SocialOomph</a>","JosephConroyJr",0,FALSE,FALSE,NA,NA
"164","RT @hwatkins927: ""Mummy of #paraplegic child shows how Peru’s Nasca culture treated #disability"" https://t.co/V5pTcurPJy",FALSE,0,NA,2018-09-26 12:27:34,FALSE,NA,"1044926452678963201",NA,"<a href=""http://twitter.com/download/android"" rel=""nofollow"">Twitter for Android</a>","ClearAutism",8,TRUE,FALSE,NA,NA
"165","RT @hwatkins927: ""Mummy of #paraplegic child shows how Peru’s Nasca culture treated #disability"" https://t.co/V5pTcurPJy",FALSE,0,NA,2018-09-26 11:37:12,FALSE,NA,"1044913777391652864",NA,"<a href=""http://twitter.com"" rel=""nofollow"">Twitter Web Client</a>","AmySequenzia",8,TRUE,FALSE,NA,NA
"166","RT @hwatkins927: ""Mummy of #paraplegic child shows how Peru’s Nasca culture treated #disability"" https://t.co/V5pTcurPJy",FALSE,0,NA,2018-09-26 06:17:53,FALSE,NA,"1044833419010682881",NA,"<a href=""https://mobile.twitter.com"" rel=""nofollow"">Twitter Lite</a>","VivianaLaXicana",8,TRUE,FALSE,NA,NA
"167","RT @hwatkins927: ""Mummy of #paraplegic child shows how Peru’s Nasca culture treated #disability"" https://t.co/V5pTcurPJy",FALSE,0,NA,2018-09-26 06:02:49,FALSE,NA,"1044829625606709249",NA,"<a href=""http://twitter.com/download/iphone"" rel=""nofollow"">Twitter for iPhone</a>","DisVisibility",8,TRUE,FALSE,NA,NA
"168","RT @hwatkins927: ""Mummy of #paraplegic child shows how Peru’s Nasca culture treated #disability"" https://t.co/V5pTcurPJy",FALSE,0,NA,2018-09-26 03:32:20,FALSE,NA,"1044791757018300416",NA,"<a href=""http://twitter.com"" rel=""nofollow"">Twitter Web Client</a>","Bohner239",8,TRUE,FALSE,NA,NA
"169","RT @alvarobendrell: Perú presente en el #EnelFocusOn. Un gusto ver a @maralegre en la discusión sobre #ValorCompartido y participando sobre…",FALSE,0,NA,2018-09-26 03:11:54,FALSE,NA,"1044786612041916416",NA,"<a href=""http://twitter.com/download/iphone"" rel=""nofollow"">Twitter for iPhone</a>","maralegre",1,TRUE,FALSE,NA,NA
"170","RT @7News: Bus falls into river in Peru, killing at least 21 people https://t.co/R3EjQzvr61",FALSE,0,NA,2018-09-26 02:45:40,FALSE,NA,"1044780010966585345",NA,"<a href=""http://www.aol.com"" rel=""nofollow"">MyBostonNews</a>","MyBostonNews",1,TRUE,FALSE,NA,NA
"171","Bus falls into river in Peru, killing at least 21 people https://t.co/R3EjQzvr61",FALSE,0,NA,2018-09-26 02:31:34,FALSE,NA,"1044776464841814017",NA,"<a href=""http://twitter.com"" rel=""nofollow"">Twitter Web Client</a>","7News",1,FALSE,FALSE,NA,NA
"172","RT @hwatkins927: ""Mummy of #paraplegic child shows how Peru’s Nasca culture treated #disability"" https://t.co/V5pTcurPJy",FALSE,0,NA,2018-09-26 01:38:38,FALSE,NA,"1044763141228449793",NA,"<a href=""http://twitter.com"" rel=""nofollow"">Twitter Web Client</a>","_halides",8,TRUE,FALSE,NA,NA
"173","RT @hwatkins927: ""Mummy of #paraplegic child shows how Peru’s Nasca culture treated #disability"" https://t.co/V5pTcurPJy",FALSE,0,NA,2018-09-26 01:31:18,FALSE,NA,"1044761297387233285",NA,"<a href=""http://twitter.com/download/android"" rel=""nofollow"">Twitter for Android</a>","roo_b_arts",8,TRUE,FALSE,NA,NA
"174","""Mummy of #paraplegic child shows how Peru’s Nasca culture treated #disability"" https://t.co/V5pTcurPJy",FALSE,15,NA,2018-09-26 01:21:19,FALSE,NA,"1044758784441233409",NA,"<a href=""http://twitter.com"" rel=""nofollow"">Twitter Web Client</a>","hwatkins927",8,FALSE,FALSE,NA,NA
"175","RT @mfaboston: Who doesn’t want a tunic embellished with lobsters? Perfect for #NationalLobsterDay! (<U+0001F3A8>: Female effigy bottle, Nasca, 550–65…",FALSE,0,NA,2018-09-26 00:27:51,FALSE,NA,"1044745329436909568",NA,"<a href=""http://twitter.com/download/iphone"" rel=""nofollow"">Twitter for iPhone</a>","arthistory4all",5,TRUE,FALSE,NA,NA
"176","RT @mfaboston: Who doesn’t want a tunic embellished with lobsters? Perfect for #NationalLobsterDay! (<U+0001F3A8>: Female effigy bottle, Nasca, 550–65…",FALSE,0,NA,2018-09-25 22:10:33,FALSE,NA,"1044710775334555654",NA,"<a href=""http://twitter.com/download/iphone"" rel=""nofollow"">Twitter for iPhone</a>","AngelaBritzman",5,TRUE,FALSE,NA,NA
"177","RT @mfaboston: Who doesn’t want a tunic embellished with lobsters? Perfect for #NationalLobsterDay! (<U+0001F3A8>: Female effigy bottle, Nasca, 550–65…",FALSE,0,NA,2018-09-25 21:34:42,FALSE,NA,"1044701752723992582",NA,"<a href=""http://twitter.com"" rel=""nofollow"">Twitter Web Client</a>","Laurel891",5,TRUE,FALSE,NA,NA
"178","RT @mfaboston: Who doesn’t want a tunic embellished with lobsters? Perfect for #NationalLobsterDay! (<U+0001F3A8>: Female effigy bottle, Nasca, 550–65…",FALSE,0,NA,2018-09-25 21:32:57,FALSE,NA,"1044701315572662272",NA,"<a href=""http://twitter.com"" rel=""nofollow"">Twitter Web Client</a>","EarthaKitteh",5,TRUE,FALSE,NA,NA
"179","Who doesn’t want a tunic embellished with lobsters? Perfect for #NationalLobsterDay! (<U+0001F3A8>: Female effigy bottle, Nasc… https://t.co/AbBM9bdDlL",FALSE,51,NA,2018-09-25 21:30:01,TRUE,NA,"1044700575126966272",NA,"<a href=""https://prod1.sprinklr.com"" rel=""nofollow"">Sprinklr Prod1</a>","mfaboston",5,FALSE,FALSE,NA,NA
"180","RT @alvarobendrell: ”En Perú tenemos un gran ejemplo de Economía Circular. Los pallets (madera) que se usaron para almacenar los paneles so…",FALSE,0,NA,2018-09-25 20:23:33,FALSE,NA,"1044683847974211586",NA,"<a href=""http://twitter.com/download/android"" rel=""nofollow"">Twitter for Android</a>","luis_flores_a",2,TRUE,FALSE,NA,NA
"181","@BarstoolNate @barry The Peruvian Andes? That is very creepy and specific. Someone run a check for missing women in Peru",FALSE,2,"BarstoolNate",2018-09-25 19:42:52,FALSE,"1044670301525757957","1044673612421238786","216766313","<a href=""http://twitter.com/#!/download/ipad"" rel=""nofollow"">Twitter for iPad</a>","JTRIII3",0,FALSE,FALSE,NA,NA
"182","Now is the time to take the next step in your Journey: join @hannahadamsyoga and I for the experience of a lifetime… https://t.co/K8wXNVwBmT",FALSE,0,NA,2018-09-25 19:24:05,TRUE,NA,"1044668881929998337",NA,"<a href=""http://instagram.com"" rel=""nofollow"">Instagram</a>","AliSingerYoga",0,FALSE,FALSE,NA,NA
"183","Season One I binged on on the way to hike up to 14,000 feet in Peru’s Cordillera Blanca.

Season Two I listened to… https://t.co/fnxEeDMEUk",FALSE,2,NA,2018-09-25 18:16:57,TRUE,NA,"1044651988858941440",NA,"<a href=""http://twitter.com/download/iphone"" rel=""nofollow"">Twitter for iPhone</a>","aleszubajak",0,FALSE,FALSE,NA,NA
"184","RT @lesliefriday: Proud of the work @SociosEnSalud has done in #Peru as part of @endTB. We're delivering new drugs to patients w/ extensive…",FALSE,0,NA,2018-09-25 17:37:22,FALSE,NA,"1044642028569616384",NA,"<a href=""http://twitter.com"" rel=""nofollow"">Twitter Web Client</a>","PIHCanada",5,TRUE,FALSE,NA,NA
"185","Perú presente en el #EnelFocusOn. Un gusto ver a @maralegre en la discusión sobre #ValorCompartido y participando s… https://t.co/0WOS91ixUs",FALSE,13,NA,2018-09-25 16:31:01,TRUE,NA,"1044625329388736513",NA,"<a href=""http://twitter.com/download/iphone"" rel=""nofollow"">Twitter for iPhone</a>","alvarobendrell",1,FALSE,FALSE,NA,NA
"186","RT @_GlassStars_: Comet coming through! We had a series of glass plates featuring comets breeze through the digitization pipeline this mont…",FALSE,0,NA,2018-09-25 15:43:24,FALSE,NA,"1044613345389809664",NA,"<a href=""http://twitter.com"" rel=""nofollow"">Twitter Web Client</a>","tracy_karin",1,TRUE,FALSE,NA,NA
"187","@scottsflights Peru! Went recently!!",FALSE,1,"scottsflights",2018-09-25 15:11:27,FALSE,"1044574960851841024","1044605307106861056","4924046660","<a href=""http://twitter.com/download/iphone"" rel=""nofollow"">Twitter for iPhone</a>","NatDeVarona",0,FALSE,FALSE,NA,NA
"188","”Our Wayra wind farm in Peru re-use the water for other purposes like agriculture. We have the moral duty to levera… https://t.co/NMirB1iBIJ",FALSE,6,NA,2018-09-25 15:02:16,TRUE,NA,"1044602995281973248",NA,"<a href=""http://twitter.com/download/iphone"" rel=""nofollow"">Twitter for iPhone</a>","alvarobendrell",0,FALSE,FALSE,NA,NA
"189","Comet coming through! We had a series of glass plates featuring comets breeze through the digitization pipeline thi… https://t.co/GaxquTxnvZ",FALSE,9,NA,2018-09-25 14:04:00,TRUE,NA,"1044588332179771392",NA,"<a href=""https://about.twitter.com/products/tweetdeck"" rel=""nofollow"">TweetDeck</a>","_GlassStars_",1,FALSE,FALSE,NA,NA
"190","RT @alvarobendrell: ”En Perú tenemos un gran ejemplo de Economía Circular. Los pallets (madera) que se usaron para almacenar los paneles so…",FALSE,0,NA,2018-09-25 13:36:35,FALSE,NA,"1044581433161920512",NA,"<a href=""http://twitter.com/download/iphone"" rel=""nofollow"">Twitter for iPhone</a>","MPapets",2,TRUE,FALSE,NA,NA
"191","”En Perú tenemos un gran ejemplo de Economía Circular. Los pallets (madera) que se usaron para almacenar los panele… https://t.co/wN5Rq1FyR6",FALSE,16,NA,2018-09-25 13:35:12,TRUE,NA,"1044581083277393921",NA,"<a href=""http://twitter.com/download/iphone"" rel=""nofollow"">Twitter for iPhone</a>","alvarobendrell",2,FALSE,FALSE,NA,NA
"192","The Best Luxury Hotels in Peru: Belmond Hotels - Carmen Edelson - Luxury Travel Blogger https://t.co/jBxsJXdNye",FALSE,1,NA,2018-09-25 13:03:07,FALSE,NA,"1044573011825840128",NA,"<a href=""http://www.crowdfireapp.com"" rel=""nofollow"">Crowdfire - Go Big</a>","Enjoytravellif1",0,FALSE,FALSE,NA,NA
"193","RT @NECN: Thanks to a woman in Peru who spotted the duo, the penguins were rescued and transported to officials so they receive care.
https…",FALSE,0,NA,2018-09-25 11:33:28,FALSE,NA,"1044550449284689920",NA,"<a href=""http://twitter.com/download/iphone"" rel=""nofollow"">Twitter for iPhone</a>","Beckaroo21",2,TRUE,FALSE,NA,NA
"194","RT @NECN: Thanks to a woman in Peru who spotted the duo, the penguins were rescued and transported to officials so they receive care.
https…",FALSE,0,NA,2018-09-25 11:11:20,FALSE,NA,"1044544878057869313",NA,"<a href=""http://twitter.com/download/iphone"" rel=""nofollow"">Twitter for iPhone</a>","2010Erinbrooke",2,TRUE,FALSE,NA,NA
"195","Thanks to a woman in Peru who spotted the duo, the penguins were rescued and transported to officials so they recei… https://t.co/q5aXtVLakn",FALSE,2,NA,2018-09-25 11:00:13,TRUE,NA,"1044542079781793796",NA,"<a href=""http://www.socialflow.com"" rel=""nofollow"">SocialFlow</a>","NECN",2,FALSE,FALSE,NA,NA
"196","RT @arjcanella: @dosanjosgabriel E o Peru que em inglês se chama Turkey (Turquia) e na Turquia se chama Hindi (Índia)?",FALSE,0,NA,2018-09-25 09:43:45,FALSE,NA,"1044522837288132608",NA,"<a href=""http://twitter.com/download/iphone"" rel=""nofollow"">Twitter for iPhone</a>","lenaa_andrade",18,TRUE,FALSE,NA,NA
"197","RT @arjcanella: @dosanjosgabriel E o Peru que em inglês se chama Turkey (Turquia) e na Turquia se chama Hindi (Índia)?",FALSE,0,NA,2018-09-25 06:33:58,FALSE,NA,"1044475078832984065",NA,"<a href=""http://twitter.com/download/android"" rel=""nofollow"">Twitter for Android</a>","hmonise",18,TRUE,FALSE,NA,NA
"198","“Los políticos son el reflejo de sus electores” ¿Cuánto mejoraría el Perú y el mundo si en nuestra vida diaria hace… https://t.co/GdNHVXl8bF",FALSE,0,NA,2018-09-25 06:26:17,TRUE,NA,"1044473142738063361",NA,"<a href=""http://twitter.com/download/iphone"" rel=""nofollow"">Twitter for iPhone</a>","nikoska_n",0,FALSE,FALSE,NA,NA
"199","RT @lesliefriday: Proud of the work @SociosEnSalud has done in #Peru as part of @endTB. We're delivering new drugs to patients w/ extensive…",FALSE,0,NA,2018-09-25 05:04:27,FALSE,NA,"1044452548504154113",NA,"<a href=""http://twitter.com/download/iphone"" rel=""nofollow"">Twitter for iPhone</a>","tonisoriano66",5,TRUE,FALSE,NA,NA
"200","RT @lesliefriday: Proud of the work @SociosEnSalud has done in #Peru as part of @endTB. We're delivering new drugs to patients w/ extensive…",FALSE,0,NA,2018-09-25 03:04:44,FALSE,NA,"1044422422387023872",NA,"<a href=""http://twitter.com/download/iphone"" rel=""nofollow"">Twitter for iPhone</a>","tbexperimental",5,TRUE,FALSE,NA,NA
"201","RT @lesliefriday: Proud of the work @SociosEnSalud has done in #Peru as part of @endTB. We're delivering new drugs to patients w/ extensive…",FALSE,0,NA,2018-09-25 02:30:28,FALSE,NA,"1044413798470348800",NA,"<a href=""http://twitter.com"" rel=""nofollow"">Twitter Web Client</a>","megan_b_murray",5,TRUE,FALSE,NA,NA
"202","@luisferpo @DTVTotal Tmb gano la mejor hinchada del mundo : PERU",FALSE,0,"luisferpo",2018-09-25 00:49:00,FALSE,"1044376327183372288","1044388262763266049","64851710","<a href=""http://twitter.com/download/android"" rel=""nofollow"">Twitter for Android</a>","mc_cubbin",0,FALSE,FALSE,NA,NA
"203","RT @arjcanella: @dosanjosgabriel E o Peru que em inglês se chama Turkey (Turquia) e na Turquia se chama Hindi (Índia)?",FALSE,0,NA,2018-09-24 23:42:36,FALSE,NA,"1044371552735821824",NA,"<a href=""http://twitter.com/download/iphone"" rel=""nofollow"">Twitter for iPhone</a>","mari22ss",18,TRUE,FALSE,NA,NA
"204","RT @lesliefriday: Proud of the work @SociosEnSalud has done in #Peru as part of @endTB. We're delivering new drugs to patients w/ extensive…",FALSE,0,NA,2018-09-24 23:27:46,FALSE,NA,"1044367821965119488",NA,"<a href=""http://twitter.com/download/iphone"" rel=""nofollow"">Twitter for iPhone</a>","isaacholeman",5,TRUE,FALSE,NA,NA
"205","Our MIRT 2018 Summer Newsletter is here! Inside this issue of the newsletter, we share our MIRT Fellows’ mid-trip r… https://t.co/P8aaeRjYnD",FALSE,1,NA,2018-09-24 20:47:03,TRUE,NA,"1044327375264206848",NA,"<a href=""https://buffer.com"" rel=""nofollow"">Buffer</a>","hsphmirt",0,FALSE,FALSE,NA,NA
"206","Proud of the work @SociosEnSalud has done in #Peru as part of @endTB. We're delivering new drugs to patients w/ ext… https://t.co/7lt62zl7dm",FALSE,9,NA,2018-09-24 20:37:44,TRUE,NA,"1044325030983864321",NA,"<a href=""http://twitter.com"" rel=""nofollow"">Twitter Web Client</a>","lesliefriday",5,FALSE,FALSE,NA,NA
"207","RT @arjcanella: @dosanjosgabriel E o Peru que em inglês se chama Turkey (Turquia) e na Turquia se chama Hindi (Índia)?",FALSE,0,NA,2018-09-24 20:23:39,FALSE,NA,"1044321486083887104",NA,"<a href=""http://twitter.com/download/android"" rel=""nofollow"">Twitter for Android</a>","poetrynct",18,TRUE,FALSE,NA,NA
"208","@AlaskaAir Peru #mostwestcoast #tweetforatreat569",FALSE,0,"AlaskaAir",2018-09-24 19:40:41,FALSE,NA,"1044310672597643264","13192972","<a href=""http://twitter.com/download/iphone"" rel=""nofollow"">Twitter for iPhone</a>","Connect2Mark",0,FALSE,FALSE,NA,NA
"209","OMFG!! only in Peru @spencerlandia https://t.co/akfZ3tC11j",FALSE,0,NA,2018-09-24 16:56:40,FALSE,NA,"1044269397718822915",NA,"<a href=""http://twitter.com/download/iphone"" rel=""nofollow"">Twitter for iPhone</a>","ManuColque",0,FALSE,FALSE,NA,NA
"210","Fantastic presentation by former Minister of Health #Peru &amp; current public health champion @Pattyjannet1 about publ… https://t.co/P2pylskjEu",FALSE,3,NA,2018-09-24 16:38:45,TRUE,NA,"1044264886090518529",NA,"<a href=""http://twitter.com/download/iphone"" rel=""nofollow"">Twitter for iPhone</a>","kletjianfdn",0,FALSE,FALSE,NA,NA
"211","RT @arjcanella: @dosanjosgabriel E o Peru que em inglês se chama Turkey (Turquia) e na Turquia se chama Hindi (Índia)?",FALSE,0,NA,2018-09-24 15:24:08,FALSE,NA,"1044246110439706625",NA,"<a href=""http://twitter.com/download/iphone"" rel=""nofollow"">Twitter for iPhone</a>","itssaracorrea",18,TRUE,FALSE,NA,NA
"212","“The technicians from the Pangoa cooperative has taught us how to prune correctly, how to control disease, how to f… https://t.co/LiQQtZduHR",FALSE,1,NA,2018-09-24 15:00:14,TRUE,NA,"1044240097338634242",NA,"<a href=""http://www.hubspot.com/"" rel=""nofollow"">HubSpot</a>","RootCapital",0,FALSE,FALSE,NA,NA
"213","RT @alvarobendrell: ”La lucha contra el cambio climático es una obligación moral, convicción personal y una política de estado” - president…",FALSE,0,NA,2018-09-24 14:29:46,FALSE,NA,"1044232429849006080",NA,"<a href=""http://twitter.com/download/iphone"" rel=""nofollow"">Twitter for iPhone</a>","sspxs",1,TRUE,FALSE,NA,NA
"214","RT @arjcanella: @dosanjosgabriel E o Peru que em inglês se chama Turkey (Turquia) e na Turquia se chama Hindi (Índia)?",FALSE,0,NA,2018-09-24 14:29:00,FALSE,NA,"1044232234583166976",NA,"<a href=""http://twitter.com/download/iphone"" rel=""nofollow"">Twitter for iPhone</a>","Rwfaeltjc",18,TRUE,FALSE,NA,NA
"215","”La lucha contra el cambio climático es una obligación moral, convicción personal y una política de estado” - presi… https://t.co/cWEnKZJMWP",FALSE,5,NA,2018-09-24 14:24:04,TRUE,NA,"1044230994629406721",NA,"<a href=""http://twitter.com/download/iphone"" rel=""nofollow"">Twitter for iPhone</a>","alvarobendrell",1,FALSE,FALSE,NA,NA
"216","RT @arjcanella: @dosanjosgabriel E o Peru que em inglês se chama Turkey (Turquia) e na Turquia se chama Hindi (Índia)?",FALSE,0,NA,2018-09-24 14:19:11,FALSE,NA,"1044229766444920833",NA,"<a href=""http://twitter.com/download/android"" rel=""nofollow"">Twitter for Android</a>","elmmiy",18,TRUE,FALSE,NA,NA
"217","RT @arjcanella: @dosanjosgabriel E o Peru que em inglês se chama Turkey (Turquia) e na Turquia se chama Hindi (Índia)?",FALSE,0,NA,2018-09-24 14:01:09,FALSE,NA,"1044225226115096577",NA,"<a href=""https://mobile.twitter.com"" rel=""nofollow"">Twitter Lite</a>","wileninha",18,TRUE,FALSE,NA,NA
"218","RT @arjcanella: @dosanjosgabriel E o Peru que em inglês se chama Turkey (Turquia) e na Turquia se chama Hindi (Índia)?",FALSE,0,NA,2018-09-24 13:09:07,FALSE,NA,"1044212130864668673",NA,"<a href=""http://twitter.com/download/android"" rel=""nofollow"">Twitter for Android</a>","northontaborda",18,TRUE,FALSE,NA,NA
"219","RT @arjcanella: @dosanjosgabriel E o Peru que em inglês se chama Turkey (Turquia) e na Turquia se chama Hindi (Índia)?",FALSE,0,NA,2018-09-24 13:08:51,FALSE,NA,"1044212066809237504",NA,"<a href=""http://twitter.com/download/android"" rel=""nofollow"">Twitter for Android</a>","allyquerler",18,TRUE,FALSE,NA,NA
"220","RT @arjcanella: @dosanjosgabriel E o Peru que em inglês se chama Turkey (Turquia) e na Turquia se chama Hindi (Índia)?",FALSE,0,NA,2018-09-24 13:05:11,FALSE,NA,"1044211143856861185",NA,"<a href=""http://twitter.com/download/android"" rel=""nofollow"">Twitter for Android</a>","Quarbie",18,TRUE,FALSE,NA,NA
"221","RT @arjcanella: @dosanjosgabriel E o Peru que em inglês se chama Turkey (Turquia) e na Turquia se chama Hindi (Índia)?",FALSE,0,NA,2018-09-24 12:04:11,FALSE,NA,"1044195791202648064",NA,"<a href=""http://twitter.com/download/android"" rel=""nofollow"">Twitter for Android</a>","gabriellealvare",18,TRUE,FALSE,NA,NA
"222","RT @arjcanella: @dosanjosgabriel E o Peru que em inglês se chama Turkey (Turquia) e na Turquia se chama Hindi (Índia)?",FALSE,0,NA,2018-09-24 11:38:00,FALSE,NA,"1044189202009780224",NA,"<a href=""http://twitter.com/download/android"" rel=""nofollow"">Twitter for Android</a>","rhaymirandela",18,TRUE,FALSE,NA,NA
"223","RT @arjcanella: @dosanjosgabriel E o Peru que em inglês se chama Turkey (Turquia) e na Turquia se chama Hindi (Índia)?",FALSE,0,NA,2018-09-24 10:57:09,FALSE,NA,"1044178921309261826",NA,"<a href=""http://twitter.com/download/android"" rel=""nofollow"">Twitter for Android</a>","anaivets",18,TRUE,FALSE,NA,NA
"224","RT @arjcanella: @dosanjosgabriel E o Peru que em inglês se chama Turkey (Turquia) e na Turquia se chama Hindi (Índia)?",FALSE,0,NA,2018-09-24 10:39:05,FALSE,NA,"1044174375769956353",NA,"<a href=""http://twitter.com/download/android"" rel=""nofollow"">Twitter for Android</a>","haodiogo",18,TRUE,FALSE,NA,NA
"225","@dosanjosgabriel E o Peru que em inglês se chama Turkey (Turquia) e na Turquia se chama Hindi (Índia)?",FALSE,265,"dosanjosgabriel",2018-09-24 07:11:23,FALSE,"1043506302687698944","1044122107502899200","28262454","<a href=""http://twitter.com/download/iphone"" rel=""nofollow"">Twitter for iPhone</a>","arjcanella",18,FALSE,FALSE,NA,NA
"226","RT @ValaAfshar: #ItCanWait and it can save your life https://t.co/fXIREA82oZ",FALSE,0,NA,2018-09-24 02:00:51,FALSE,NA,"1044043959083958272",NA,"<a href=""http://twitter.com/download/android"" rel=""nofollow"">Twitter for Android</a>","Percy_Peru",763,TRUE,FALSE,NA,NA
"227","Hitler v Lennin: Peru mayoral election is a historical showdown https://t.co/XgzdolzAwU via @guardian",FALSE,0,NA,2018-09-23 14:02:39,FALSE,NA,"1043863216244379648",NA,"<a href=""http://twitter.com"" rel=""nofollow"">Twitter Web Client</a>","poeboston",0,FALSE,FALSE,NA,NA
"228","NO es ético favorecer el ""sacar la vuelta"" señores @elcomercio_peru es lo que hace daño a las industrias y que los… https://t.co/LZiyQ3JaC3",FALSE,0,NA,2018-09-23 13:39:25,TRUE,NA,"1043857369149706240",NA,"<a href=""http://twitter.com"" rel=""nofollow"">Twitter Web Client</a>","podcastandbiz",0,FALSE,FALSE,NA,NA
"229","Peru, Chile, Ecuador, and more . . . Explore where you can #staySonesta in South America. 
https://t.co/zn0oSaw3b7",FALSE,1,NA,2018-09-23 12:47:00,FALSE,NA,"1043844180043333633",NA,"<a href=""https://sproutsocial.com"" rel=""nofollow"">Sprout Social</a>","SonestaHotels",0,FALSE,FALSE,NA,NA
"230","RT @ValaAfshar: My father abruptly immigrated to the US at age 44. He was a senior executive, spoke fluent English, but was unable to find…",FALSE,0,NA,2018-09-22 21:53:30,FALSE,NA,"1043619323049390082",NA,"<a href=""http://twitter.com/download/android"" rel=""nofollow"">Twitter for Android</a>","Percy_Peru",331,TRUE,FALSE,NA,NA
